ARI	200 found	30 eligible	12 on sheet
ATL	157 found	30 eligible	12 on sheet
BAL	200 found	30 eligible	12 on sheet
BUF	153 found	30 eligible	12 on sheet
CAR	162 found	30 eligible	12 on sheet
CHI	183 found	30 eligible	12 on sheet
CIN	86 found	24 eligible	12 on sheet
CLE	236 found	30 eligible	12 on sheet
DAL	248 found	30 eligible	12 on sheet
DEN	177 found	30 eligible	12 on sheet
DET	177 found	30 eligible	12 on sheet
GB	176 found	30 eligible	12 on sheet
HOU	243 found	30 eligible	12 on sheet
IND	198 found	30 eligible	12 on sheet
JAX	130 found	30 eligible	12 on sheet
KC	164 found	30 eligible	12 on sheet
LA	215 found	30 eligible	12 on sheet
LAC	180 found	30 eligible	12 on sheet
LAR	151 found	30 eligible	12 on sheet
LV	139 found	30 eligible	12 on sheet
MIA	180 found	30 eligible	12 on sheet
MIN	146 found	30 eligible	12 on sheet
NE	173 found	30 eligible	12 on sheet
NO	181 found	30 eligible	12 on sheet
NYG	183 found	30 eligible	12 on sheet
NYJ	222 found	30 eligible	12 on sheet
PHI	202 found	30 eligible	12 on sheet
PIT	199 found	30 eligible	12 on sheet
SEA	195 found	30 eligible	12 on sheet
SF	127 found	30 eligible	12 on sheet
TB	184 found	30 eligible	12 on sheet
TEN	136 found	30 eligible	12 on sheet
WAS	277 found	30 eligible	12 on sheet
