ATH	207 found	30 eligible	12 on sheet
ATL	119 found	30 eligible	12 on sheet
AZ	139 found	30 eligible	12 on sheet
BAL	191 found	30 eligible	12 on sheet
BOS	206 found	30 eligible	12 on sheet
CHC	187 found	30 eligible	12 on sheet
CIN	170 found	30 eligible	12 on sheet
CLE	196 found	30 eligible	12 on sheet
COL	160 found	30 eligible	12 on sheet
CWS	172 found	30 eligible	12 on sheet
DET	153 found	30 eligible	12 on sheet
HOU	180 found	30 eligible	12 on sheet
KC	149 found	30 eligible	12 on sheet
LAA	182 found	30 eligible	12 on sheet
LAD	189 found	30 eligible	12 on sheet
MIA	144 found	30 eligible	12 on sheet
MIL	178 found	30 eligible	12 on sheet
MIN	156 found	30 eligible	12 on sheet
NYM	185 found	30 eligible	12 on sheet
NYY	204 found	30 eligible	12 on sheet
PHI	198 found	30 eligible	12 on sheet
PIT	186 found	30 eligible	12 on sheet
SD	165 found	30 eligible	12 on sheet
SEA	209 found	30 eligible	12 on sheet
SF	223 found	30 eligible	12 on sheet
STL	175 found	30 eligible	12 on sheet
TB	145 found	30 eligible	12 on sheet
TEX	88 found	30 eligible	12 on sheet
TOR	181 found	30 eligible	12 on sheet
WSH	156 found	30 eligible	12 on sheet
