ANA	127 found	30 eligible	12 on sheet
BOS	222 found	30 eligible	12 on sheet
BUF	108 found	30 eligible	12 on sheet
CAR	148 found	30 eligible	12 on sheet
CBJ	135 found	30 eligible	12 on sheet
CGY	147 found	30 eligible	12 on sheet
CHI	160 found	30 eligible	12 on sheet
COL	143 found	30 eligible	12 on sheet
DAL	161 found	30 eligible	12 on sheet
DET	170 found	30 eligible	12 on sheet
EDM	118 found	30 eligible	12 on sheet
FLA	71 found	30 eligible	12 on sheet
LAK	139 found	30 eligible	12 on sheet
MIN	110 found	30 eligible	12 on sheet
MTL	182 found	30 eligible	12 on sheet
NJD	172 found	30 eligible	12 on sheet
NSH	141 found	30 eligible	12 on sheet
NYI	147 found	30 eligible	12 on sheet
NYR	150 found	30 eligible	12 on sheet
OTT	157 found	30 eligible	12 on sheet
PHI	133 found	30 eligible	12 on sheet
PIT	237 found	30 eligible	12 on sheet
SEA	167 found	30 eligible	12 on sheet
SJS	166 found	30 eligible	12 on sheet
STL	116 found	30 eligible	12 on sheet
TBL	97 found	30 eligible	12 on sheet
TOR	114 found	30 eligible	12 on sheet
UTA	7 found	0 eligible	0 on sheet
VAN	169 found	30 eligible	12 on sheet
VGK	72 found	15 eligible	12 on sheet
WPG	86 found	30 eligible	12 on sheet
WSH	202 found	30 eligible	12 on sheet
