AF	125 found	30 eligible	12 on sheet
AKR	8 found	2 eligible	2 on sheet
ALA	72 found	5 eligible	5 on sheet
ARIZ	81 found	25 eligible	12 on sheet
ARK	77 found	24 eligible	12 on sheet
ASU	5 found	2 eligible	2 on sheet
AUB	24 found	2 eligible	2 on sheet
BALL	4 found	2 eligible	2 on sheet
BAY	13 found	6 eligible	6 on sheet
BC	42 found	30 eligible	12 on sheet
BGSU	8 found	4 eligible	4 on sheet
BTLR	62 found	16 eligible	12 on sheet
BUF	59 found	4 eligible	4 on sheet
BYU	41 found	23 eligible	12 on sheet
CAL	97 found	30 eligible	12 on sheet
CIN	24 found	10 eligible	10 on sheet
CLEM	43 found	15 eligible	12 on sheet
CLT	34 found	10 eligible	10 on sheet
CMU	1 found	1 eligible	1 on sheet
COLO	75 found	6 eligible	6 on sheet
CONN	113 found	30 eligible	12 on sheet
CREI	14 found	9 eligible	9 on sheet
DAV	69 found	1 eligible	1 on sheet
DAY	81 found	4 eligible	4 on sheet
DEN	20 found	12 eligible	12 on sheet
DEP	33 found	9 eligible	9 on sheet
DUKE	129 found	30 eligible	12 on sheet
DUQ	64 found	1 eligible	1 on sheet
ECU	9 found	2 eligible	2 on sheet
EMU	52 found	30 eligible	12 on sheet
FAU	4 found	0 eligible	0 on sheet
FLA	99 found	30 eligible	12 on sheet
FOR	58 found	4 eligible	4 on sheet
FSU	19 found	7 eligible	7 on sheet
GCU	1 found	1 eligible	1 on sheet
GMU	60 found	2 eligible	2 on sheet
GT	64 found	30 eligible	12 on sheet
GTWN	93 found	30 eligible	12 on sheet
GW	61 found	2 eligible	2 on sheet
HALL	29 found	17 eligible	12 on sheet
HAW	0 found	0 eligible	0 on sheet
HOU	62 found	2 eligible	2 on sheet
ILL	124 found	30 eligible	12 on sheet
IOWA	137 found	30 eligible	12 on sheet
ISU	44 found	18 eligible	12 on sheet
IU	68 found	15 eligible	12 on sheet
JOES	65 found	3 eligible	3 on sheet
KENT	15 found	10 eligible	10 on sheet
KSU	20 found	2 eligible	2 on sheet
KU	65 found	19 eligible	12 on sheet
LAS	68 found	1 eligible	1 on sheet
LMU	6 found	0 eligible	0 on sheet
LOU	49 found	13 eligible	12 on sheet
LSU	49 found	20 eligible	12 on sheet
LUC	72 found	0 eligible	0 on sheet
M-OH	0 found	0 eligible	0 on sheet
MARQ	42 found	5 eligible	5 on sheet
MASS	50 found	30 eligible	12 on sheet
MD	153 found	30 eligible	12 on sheet
MEM	15 found	2 eligible	2 on sheet
MIA	78 found	4 eligible	4 on sheet
MICH	152 found	30 eligible	12 on sheet
MINN	145 found	30 eligible	12 on sheet
MISS	8 found	3 eligible	3 on sheet
MIZ	62 found	17 eligible	12 on sheet
MSST	29 found	5 eligible	5 on sheet
MSU	104 found	30 eligible	12 on sheet
NCSU	52 found	27 eligible	12 on sheet
ND	67 found	30 eligible	12 on sheet
NEB	124 found	30 eligible	12 on sheet
NEV	74 found	17 eligible	12 on sheet
NU	90 found	21 eligible	12 on sheet
OHIO	61 found	13 eligible	12 on sheet
OKST	17 found	5 eligible	5 on sheet
ORE	88 found	30 eligible	12 on sheet
OSU	85 found	30 eligible	12 on sheet
OU	50 found	11 eligible	11 on sheet
PAC	107 found	30 eligible	12 on sheet
PEPP	3 found	1 eligible	1 on sheet
PITT	42 found	25 eligible	12 on sheet
PORT	31 found	6 eligible	6 on sheet
PROV	20 found	7 eligible	7 on sheet
PSU	84 found	30 eligible	12 on sheet
PUR	122 found	30 eligible	12 on sheet
RICE	21 found	4 eligible	4 on sheet
RICH	69 found	4 eligible	4 on sheet
RUTG	113 found	30 eligible	12 on sheet
SBU	69 found	0 eligible	0 on sheet
SC	100 found	24 eligible	12 on sheet
SCU	0 found	0 eligible	0 on sheet
SEA	2 found	0 eligible	0 on sheet
SF	65 found	2 eligible	2 on sheet
SJSU	1 found	0 eligible	0 on sheet
SJU	15 found	9 eligible	9 on sheet
SLU	63 found	3 eligible	3 on sheet
SMC	6 found	2 eligible	2 on sheet
SMU	61 found	0 eligible	0 on sheet
STAN	59 found	30 eligible	12 on sheet
SYR	81 found	30 eligible	12 on sheet
TA&M	68 found	9 eligible	9 on sheet
TCU	17 found	7 eligible	7 on sheet
TEM	18 found	4 eligible	4 on sheet
TENN	31 found	8 eligible	8 on sheet
TEX	63 found	10 eligible	10 on sheet
TLSA	56 found	1 eligible	1 on sheet
TOL	7 found	0 eligible	0 on sheet
TTU	21 found	5 eligible	5 on sheet
TULN	54 found	15 eligible	12 on sheet
UAB	3 found	1 eligible	1 on sheet
UCD	7 found	0 eligible	0 on sheet
UCF	58 found	16 eligible	12 on sheet
UCLA	71 found	17 eligible	12 on sheet
UGA	64 found	13 eligible	12 on sheet
UK	104 found	19 eligible	12 on sheet
UNC	103 found	11 eligible	11 on sheet
UNLV	5 found	2 eligible	2 on sheet
UNM	100 found	17 eligible	12 on sheet
UNT	38 found	0 eligible	0 on sheet
URI	55 found	2 eligible	2 on sheet
USC	65 found	14 eligible	12 on sheet
USD	56 found	2 eligible	2 on sheet
USF	5 found	0 eligible	0 on sheet
UTAH	71 found	30 eligible	12 on sheet
UTEP	4 found	1 eligible	1 on sheet
UTSA	1 found	0 eligible	0 on sheet
UVA	76 found	12 eligible	12 on sheet
VAN	20 found	3 eligible	3 on sheet
VCU	60 found	3 eligible	3 on sheet
VILL	56 found	17 eligible	12 on sheet
VT	57 found	6 eligible	6 on sheet
WAKE	56 found	12 eligible	12 on sheet
WASH	100 found	30 eligible	12 on sheet
WICH	49 found	20 eligible	12 on sheet
WIS	129 found	30 eligible	12 on sheet
WMU	6 found	2 eligible	2 on sheet
WVU	28 found	14 eligible	12 on sheet
WYO	14 found	2 eligible	2 on sheet
XAV	14 found	4 eligible	4 on sheet
