AFA	218 found	30 eligible	12 on sheet
AKR	97 found	30 eligible	12 on sheet
ALA	184 found	30 eligible	12 on sheet
APP	6 found	3 eligible	3 on sheet
ARIZ	164 found	30 eligible	12 on sheet
ARK	147 found	30 eligible	12 on sheet
ARMY	276 found	30 eligible	12 on sheet
ARST	83 found	30 eligible	12 on sheet
ASU	131 found	30 eligible	12 on sheet
AUB	100 found	30 eligible	12 on sheet
BALL	5 found	3 eligible	3 on sheet
BAY	68 found	26 eligible	12 on sheet
BC	116 found	30 eligible	12 on sheet
BGSU	101 found	30 eligible	12 on sheet
BSU	105 found	30 eligible	12 on sheet
BUFF	130 found	30 eligible	12 on sheet
BYU	216 found	30 eligible	12 on sheet
CAL	257 found	30 eligible	12 on sheet
CCAR	102 found	30 eligible	12 on sheet
CHAR	136 found	30 eligible	12 on sheet
CIN	210 found	30 eligible	12 on sheet
CLEM	133 found	30 eligible	12 on sheet
CMU	50 found	27 eligible	12 on sheet
COLO	200 found	30 eligible	12 on sheet
CONN	129 found	30 eligible	12 on sheet
CSU	102 found	30 eligible	12 on sheet
DEL	123 found	30 eligible	12 on sheet
DUKE	141 found	30 eligible	12 on sheet
ECU	70 found	30 eligible	12 on sheet
EMU	141 found	30 eligible	12 on sheet
FAU	106 found	30 eligible	12 on sheet
FIU	14 found	11 eligible	11 on sheet
FLA	199 found	30 eligible	12 on sheet
FRES	84 found	30 eligible	12 on sheet
FSU	122 found	30 eligible	12 on sheet
GASO	63 found	27 eligible	12 on sheet
GAST	21 found	3 eligible	3 on sheet
GT	152 found	30 eligible	12 on sheet
HAW	8 found	1 eligible	1 on sheet
HOU	217 found	30 eligible	12 on sheet
ILL	137 found	30 eligible	12 on sheet
IND	144 found	30 eligible	12 on sheet
IOWA	187 found	30 eligible	12 on sheet
ISU	102 found	30 eligible	12 on sheet
JMU	28 found	12 eligible	12 on sheet
JVST	2 found	0 eligible	0 on sheet
KENN	36 found	30 eligible	12 on sheet
KENT	92 found	30 eligible	12 on sheet
KSU	68 found	30 eligible	12 on sheet
KU	240 found	30 eligible	12 on sheet
LIB	109 found	30 eligible	12 on sheet
LOU	115 found	30 eligible	12 on sheet
LSU	209 found	30 eligible	12 on sheet
LT	83 found	28 eligible	12 on sheet
MASS	145 found	30 eligible	12 on sheet
MD	173 found	30 eligible	12 on sheet
MEM	125 found	30 eligible	12 on sheet
MIA	242 found	30 eligible	12 on sheet
MICH	291 found	30 eligible	12 on sheet
MINN	246 found	30 eligible	12 on sheet
MISS	82 found	29 eligible	12 on sheet
MIZZ	197 found	30 eligible	12 on sheet
MOH	15 found	7 eligible	7 on sheet
MOSU	10 found	5 eligible	5 on sheet
MRSH	125 found	30 eligible	12 on sheet
MSST	70 found	16 eligible	12 on sheet
MSU	142 found	30 eligible	12 on sheet
MTU	10 found	5 eligible	5 on sheet
NAVY	238 found	30 eligible	12 on sheet
NCST	61 found	17 eligible	12 on sheet
ND	211 found	30 eligible	12 on sheet
NEB	110 found	30 eligible	12 on sheet
NEV	257 found	30 eligible	12 on sheet
NIU	66 found	30 eligible	12 on sheet
NMSU	23 found	17 eligible	12 on sheet
NW	181 found	30 eligible	12 on sheet
ODU	42 found	29 eligible	12 on sheet
OHIO	205 found	30 eligible	12 on sheet
OKLA	143 found	30 eligible	12 on sheet
OKST	75 found	29 eligible	12 on sheet
ORE	244 found	30 eligible	12 on sheet
ORST	162 found	30 eligible	12 on sheet
OSU	232 found	30 eligible	12 on sheet
PITT	289 found	30 eligible	12 on sheet
PSU	175 found	30 eligible	12 on sheet
PUR	148 found	30 eligible	12 on sheet
RICE	196 found	30 eligible	12 on sheet
RUTG	104 found	30 eligible	12 on sheet
SAC	28 found	3 eligible	3 on sheet
SCAR	148 found	30 eligible	12 on sheet
SDSU	114 found	30 eligible	12 on sheet
SHSU	28 found	3 eligible	3 on sheet
SJSU	15 found	8 eligible	8 on sheet
SMU	104 found	30 eligible	12 on sheet
STAN	164 found	30 eligible	12 on sheet
SYR	273 found	30 eligible	12 on sheet
TCU	78 found	30 eligible	12 on sheet
TEM	163 found	30 eligible	12 on sheet
TENN	166 found	30 eligible	12 on sheet
TEX	215 found	30 eligible	12 on sheet
TLSA	81 found	24 eligible	12 on sheet
TOL	93 found	17 eligible	12 on sheet
TROY	173 found	30 eligible	12 on sheet
TTU	77 found	30 eligible	12 on sheet
TULN	161 found	30 eligible	12 on sheet
TXAM	220 found	30 eligible	12 on sheet
TXST	47 found	10 eligible	10 on sheet
UAB	12 found	5 eligible	5 on sheet
UCF	161 found	30 eligible	12 on sheet
UCLA	265 found	30 eligible	12 on sheet
UGA	161 found	30 eligible	12 on sheet
UK	110 found	30 eligible	12 on sheet
ULL	191 found	30 eligible	12 on sheet
ULM	53 found	22 eligible	12 on sheet
UNC	149 found	30 eligible	12 on sheet
UNLV	145 found	30 eligible	12 on sheet
UNM	169 found	30 eligible	12 on sheet
UNT	94 found	30 eligible	12 on sheet
USA	5 found	4 eligible	4 on sheet
USC	220 found	30 eligible	12 on sheet
USF	119 found	30 eligible	12 on sheet
USM	23 found	8 eligible	8 on sheet
USU	69 found	26 eligible	12 on sheet
UTAH	143 found	30 eligible	12 on sheet
UTEP	80 found	30 eligible	12 on sheet
UTSA	155 found	30 eligible	12 on sheet
UVA	157 found	30 eligible	12 on sheet
VAN	61 found	30 eligible	12 on sheet
VT	130 found	30 eligible	12 on sheet
WAKE	119 found	30 eligible	12 on sheet
WASH	253 found	30 eligible	12 on sheet
WIS	225 found	30 eligible	12 on sheet
WKU	21 found	10 eligible	10 on sheet
WMU	108 found	30 eligible	12 on sheet
WSU	154 found	13 eligible	12 on sheet
WVU	106 found	30 eligible	12 on sheet
WYO	103 found	30 eligible	12 on sheet
